rank,t1_h,t1_k,t1_l,t1_hkl,t1_sres,display_align_peaks,display_normalize_max,display_offset_step,t1_mapped_h,t1_mapped_k,t1_mapped_l,t1_present,t1_n_points,t1_frame_min,t1_frame_max,t1_peak_frame_iobs,t1_peak_frame_icalc,t1_peak_iobs,t1_peak_icalc,t2_mapped_h,t2_mapped_k,t2_mapped_l,t2_present,t2_n_points,t2_frame_min,t2_frame_max,t2_peak_frame_iobs,t2_peak_frame_icalc,t2_peak_iobs,t2_peak_icalc,t3_mapped_h,t3_mapped_k,t3_mapped_l,t3_present,t3_n_points,t3_frame_min,t3_frame_max,t3_peak_frame_iobs,t3_peak_frame_icalc,t3_peak_iobs,t3_peak_icalc,t4_mapped_h,t4_mapped_k,t4_mapped_l,t4_present,t4_n_points,t4_frame_min,t4_frame_max,t4_peak_frame_iobs,t4_peak_frame_icalc,t4_peak_iobs,t4_peak_icalc
1,0,0,-1,"(0,0,-1)",-29.865680975353907,1,1,1.15,0,0,-1,1,89,1091,1179,1148,1136,277418.15625,147019.09375,0,0,-1,1,221,1023,1243,1127,1133,183883.640625,144019.359375,0,0,-1,1,53,1119,1171,1158,1145,276207.03125,79823.53125,0,0,-1,1,49,1111,1159,1135,1135,24874.875,22002.019531
2,0,-1,0,"(0,-1,0)",-29.51462905025485,1,1,1.15,0,-1,0,1,29,2965,2993,2993,2989,125454.820312,204193.046875,0,1,0,1,97,2929,3025,2993,2987,252273.125,145401.21875,0,-1,0,1,29,2991,3019,3005,3005,60764.683594,48054.75,0,-1,0,1,26,2984,3009,3004,2997,10411.561523,7640.689453
3,0,1,0,"(0,1,0)",-29.31911468802955,1,1,1.15,0,1,0,1,32,2962,2993,2991,2985,115386.34375,160082.765625,0,-1,0,1,100,2926,3025,2993,2984,257998.890625,139873.796875,0,1,0,1,29,2987,3015,3001,3001,99567.195312,67814.28125,0,1,0,1,26,2981,3006,2993,2993,9120.695312,10245.115234
4,0,0,1,"(0,0,1)",-28.371048248544096,1,1,1.15,0,0,1,1,89,1085,1173,1148,1129,628360.875,176833.421875,0,0,1,1,222,1016,1237,1117,1126,340421.90625,190827.734375,0,0,1,1,54,1112,1165,1125,1138,228394.640625,107726.6875,0,0,1,1,49,1105,1153,1128,1129,29093.193359,21189.013672
5,0,0,3,"(0,0,3)",-20.47289241651822,1,1,1.15,0,0,3,1,33,1107,1139,1134,1123,86953.421875,72742.890625,0,0,3,1,76,1083,1158,1120,1120,56847.46875,60676.539062,0,0,3,1,20,1123,1142,1126,1132,104255.070312,89730.921875,0,0,3,1,18,1114,1131,1122,1123,31793.53125,28954.160156
6,0,-3,0,"(0,-3,0)",-19.975701956400396,1,1,1.15,0,-3,0,1,17,2984,3000,2994,2992,752643.6875,168851.71875,0,3,0,1,41,2971,3011,2993,2991,133090.9375,114148.265625,0,-3,0,1,11,3003,3013,3008,3008,109545.804688,102475.53125,0,-3,0,1,10,2995,3004,3000,3000,10876.297852,12462.538086
7,0,0,-3,"(0,0,-3)",-19.775853148574694,1,1,1.15,0,0,-3,1,32,1126,1157,1148,1142,845842.625,161680.90625,0,0,-3,1,77,1101,1177,1139,1139,75783.71875,79213.703125,0,0,-3,1,20,1142,1161,1157,1151,138277.65625,63025.433594,0,0,-3,1,18,1133,1150,1141,1141,32811.398438,28699.814453
8,0,3,0,"(0,3,0)",-18.19664389703275,1,1,1.15,0,3,0,1,17,2974,2990,2982,2982,110764.132812,105040.351562,0,-3,0,1,41,2961,3001,2981,2981,101679.929688,121937.078125,0,3,0,1,11,2993,3003,2998,2998,152981.578125,138071.359375,0,3,0,1,10,2985,2994,2990,2990,8065.681152,8648.345703
9,0,0,11,"(0,0,11)",-17.399905067459667,1,1,1.15,0,0,11,1,14,1091,1104,1096,1097,2366.009033,2378.010986,0,0,11,1,22,1085,1106,1092,1095,4678.860352,2517.561279,0,0,11,1,8,1104,1111,1110,1107,5332.682617,3462.256836,0,0,11,1,10,1093,1102,1096,1098,2741.808105,1406.695679
10,0,0,-11,"(0,0,-11)",-16.840739517858093,1,1,1.15,0,0,-11,1,14,1160,1173,1169,1167,3881.448242,3479.421875,0,0,-11,1,22,1154,1175,1165,1164,3699.584961,4045.644287,0,0,-11,1,8,1173,1180,1173,1176,8687.848633,3196.250244,0,0,-11,1,10,1162,1171,1166,1167,2454.270508,1921.318359
11,0,11,0,"(0,11,0)",-16.041888016005007,1,1,1.15,0,11,0,1,7,2966,2972,2967,2969,5707.03418,5431.359863,0,-11,0,1,12,2962,2973,2967,2968,4690.969727,3811.122803,0,11,0,1,5,2983,2987,2987,2985,1848.887817,1468.194336,0,11,0,1,6,2974,2979,2975,2977,860.24353,747.233765
12,0,-11,0,"(0,-11,0)",-14.38621473582366,1,1,1.15,0,-11,0,1,8,3002,3009,3004,3005,4596.938965,4884.293945,0,11,0,1,12,2999,3010,3004,3004,4047.927246,4416.403809,0,-11,0,1,5,3019,3023,3020,3021,3017.216553,3416.481201,0,-11,0,1,6,3011,3016,3015,3013,848.449524,883.001526
13,1,0,1,"(1,0,1)",-10.653690838506147,1,1,1.15,1,0,1,1,34,177,210,200,193,675502.5625,153817.296875,-1,0,1,1,86,150,235,188,193,430455.84375,147198.90625,1,0,1,1,21,197,217,215,207,94943.640625,67706.640625,1,0,1,1,19,189,207,190,198,5167.687012,2859.404053
14,-1,0,-1,"(-1,0,-1)",-9.625247630453796,1,1,1.15,-1,0,-1,1,35,181,215,190,198,823228.5,173740.734375,1,0,-1,1,86,155,240,203,197,374593.21875,145560.9375,-1,0,-1,1,21,202,222,212,212,132888.109375,123842.679688,-1,0,-1,1,19,194,212,195,203,3251.800293,3140.835449
15,-1,-1,0,"(-1,-1,0)",-8.17328564963998,1,1,1.15,-1,-1,0,1,37,1363,1399,1379,1381,84414.734375,96239.484375,1,1,0,1,93,1336,1428,1382,1382,111047.710938,131358.375,-1,-1,0,1,23,1387,1409,1398,1398,137341.015625,111291.953125,-1,-1,0,1,21,1380,1400,1390,1390,81867.40625,60609.21875
16,1,1,0,"(1,1,0)",-7.995823817330105,1,1,1.15,1,1,0,1,37,1358,1394,1374,1376,84045.070312,98120.75,-1,-1,0,1,93,1331,1423,1375,1377,109508.085938,128277.28125,1,1,0,1,23,1382,1404,1393,1393,125381.625,103415.765625,1,1,0,1,21,1375,1395,1385,1385,77796.476562,55930.964844
17,0,1,1,"(0,1,1)",-7.090072327308299,1,1,1.15,0,1,1,1,35,2345,2379,2363,2362,111883.953125,120489.445312,0,-1,1,1,88,2318,2405,2361,2361,148676.609375,139604.984375,0,1,1,1,21,2367,2387,2376,2377,264922.875,187980.65625,0,1,1,1,20,2359,2378,2368,2368,18320.736328,17571.605469
18,0,-1,-1,"(0,-1,-1)",-6.941424647667095,1,1,1.15,0,-1,-1,1,35,2350,2384,2367,2367,128983.304688,129464.429688,0,1,-1,1,87,2323,2409,2366,2366,139194.234375,136866.734375,0,-1,-1,1,21,2372,2392,2382,2382,176673.109375,161882.234375,0,-1,-1,1,19,2364,2382,2374,2373,16860.625,19603.705078
19,0,0,6,"(0,0,6)",-6.686764917467807,1,1,1.15,0,0,6,1,18,1105,1122,1111,1114,37302.039062,40533.042969,0,0,6,1,39,1092,1130,1115,1111,66807.984375,32330.064453,0,0,6,1,11,1118,1128,1123,1123,67358.078125,56670.441406,0,0,6,1,12,1108,1119,1112,1113,14925.482422,10753.121094
20,0,0,-6,"(0,0,-6)",-6.426092378096531,1,1,1.15,0,0,-6,1,17,1143,1159,1149,1151,63638.558594,50693.460938,0,0,-6,1,39,1130,1168,1144,1149,57526.800781,31018.460938,0,0,-6,1,11,1156,1166,1160,1160,164195.078125,120153.835938,0,0,-6,1,12,1145,1156,1151,1151,11308.919922,9990.265625
21,9,-9,-20,"(9,-9,-20)",-6.174437451102888,1,1,1.15,9,-9,-20,1,8,3025,3032,3028,3025,16.041498,-0.911517,-9,9,-20,1,2,3024,3025,3025,3025,40.595516,29.57292,9,-9,-20,0,0,,,,,,,9,-9,-20,0,0,,,,,,
22,0,1,6,"(0,1,6)",-6.079608469216344,1,1,1.15,0,1,6,1,15,1523,1537,1536,1530,11216.291992,6407.582031,0,-1,6,1,33,1513,1545,1529,1529,11334.582031,10621.946289,0,1,6,1,10,1537,1546,1541,1541,20350.861328,15567.631836,0,1,6,1,10,1528,1537,1532,1532,21261.470703,15634.006836
23,0,6,0,"(0,6,0)",-5.447246344807985,1,1,1.15,0,6,0,1,9,2973,2981,2977,2977,81538.335938,85450.65625,0,-6,0,1,21,2966,2986,2976,2976,81386.476562,87975.953125,0,6,0,1,7,2990,2996,2993,2993,48657.515625,56642.542969,0,6,0,1,7,2982,2988,2985,2985,6777.666992,7860.992188
24,1,0,-5,"(1,0,-5)",-5.145841756144141,1,1,1.15,1,0,-5,1,26,1767,1792,1775,1779,11582.645508,6411.569336,-1,0,-5,1,60,1747,1806,1775,1776,40738.792969,19464.216797,1,0,-5,1,16,1780,1795,1788,1788,73388.125,60280.777344,1,0,-5,1,17,1769,1785,1776,1777,24142.972656,18404.228516
25,0,5,1,"(0,5,1)",-5.047254146406988,1,1,1.15,0,5,1,1,11,2816,2826,2821,2821,7021.748047,6108.441895,0,-5,1,1,23,2809,2831,2820,2820,4862.650391,5233.897949,0,5,1,1,6,2834,2839,2836,2837,13063.851562,9411.745117,0,5,1,1,7,2825,2831,2828,2828,3198.907959,3382.196777
26,0,1,-6,"(0,1,-6)",-5.031489607185289,1,1,1.15,0,1,-6,1,20,560,579,566,570,11621.756836,11179.224609,0,-1,-6,1,46,544,589,567,567,43700.117188,28072.953125,0,1,-6,1,12,572,583,578,578,42191.394531,30755.345703,0,1,-6,1,14,561,574,567,568,15009.476562,11642.744141
27,1,0,5,"(1,0,5)",-5.025545383154212,1,1,1.15,1,0,5,1,16,741,756,748,749,6066.293457,5790.373535,-1,0,5,1,36,730,765,747,747,6984.722656,6473.720703,1,0,5,1,10,755,764,760,760,60842.148438,47571.449219,1,0,5,1,10,746,755,750,750,12752.083984,11815.464844
28,1,0,6,"(1,0,6)",-5.016322316755598,1,1,1.15,1,0,6,1,14,789,802,796,796,11854.360352,10777.696289,-1,0,6,1,32,778,809,794,794,9879.796875,9391.389648,1,0,6,1,9,802,810,806,806,19297.542969,17839.09375,1,0,6,1,10,792,801,796,796,11118.921875,8661.597656
29,-1,0,-5,"(-1,0,-5)",-5.008235388654586,1,1,1.15,-1,0,-5,1,17,766,782,775,774,6002.839844,5624.267578,1,0,-5,1,36,755,790,772,772,7921.64209,6713.5625,-1,0,-5,1,10,781,790,784,785,19786.888672,13393.704102,-1,0,-5,1,10,771,780,775,775,24992.816406,14985.041992
30,-2,-7,-22,"(-2,-7,-22)",-4.9268133315108695,1,1,1.15,-2,-7,-22,1,8,1668,1675,1673,1671,88.484711,44.727634,2,7,-22,1,8,1667,1674,1671,1670,159.240097,97.141335,-2,-7,-22,1,5,1682,1686,1685,1684,187.458694,129.9944,-2,-7,-22,1,7,1672,1678,1675,1675,289.634705,193.188461
31,1,6,0,"(1,6,0)",-4.680118356985325,1,1,1.15,1,6,0,1,10,2661,2670,2665,2666,25705.382812,16286.761719,-1,-6,0,1,22,2654,2675,2664,2665,24708.525391,15608.869141,1,6,0,1,7,2679,2685,2682,2682,28406.146484,26494.630859,1,6,0,1,7,2671,2677,2674,2674,4585.087891,5372.166504
32,5,1,0,"(5,1,0)",-4.677705809406887,1,1,1.15,5,1,0,1,12,81,92,86,86,9442.141602,7306.53125,-5,-1,0,1,26,75,100,88,87,10230.549805,9548.749023,5,1,0,1,7,100,106,103,103,19121.632812,17712.53125,5,1,0,1,7,91,97,94,94,4865.163086,4820.667969
33,0,6,1,"(0,6,1)",-4.628887874463114,1,1,1.15,0,6,1,1,9,2840,2848,2844,2844,19891.462891,16257.829102,0,-6,1,1,20,2834,2853,2843,2843,14911.814453,12891.625,0,6,1,1,6,2857,2862,2860,2860,32865.839844,29242.828125,0,6,1,1,6,2849,2854,2852,2852,5194.613281,5458.868652
34,2,1,0,"(2,1,0)",-4.562459466581636,1,1,1.15,2,1,0,1,24,650,673,662,661,154124.296875,147581.65625,-2,-1,0,1,59,633,691,662,662,131198.21875,125474.25,2,1,0,1,15,671,685,678,678,149835.625,132097.390625,2,1,0,1,14,663,676,670,669,32791.976562,28382.091797
35,-7,-2,-22,"(-7,-2,-22)",-4.539154459726899,1,1,1.15,-7,-2,-22,1,9,861,869,865,865,33.064556,32.116619,7,2,-22,1,8,860,867,865,864,65.658333,52.031471,-7,-2,-22,1,5,875,879,878,877,104.39257,63.790028,-7,-2,-22,1,7,865,871,868,868,142.035309,105.049095
36,13,18,-6,"(13,18,-6)",-4.405094248246432,1,1,1.15,13,18,-6,1,8,1784,1791,1791,1787,16.277304,7.88406,-13,-18,-6,1,9,1784,1792,1787,1788,24.965532,24.866322,13,18,-6,1,5,1803,1807,1805,1805,130.014252,93.28521,13,18,-6,1,7,1794,1800,1798,1797,17.45528,10.741063
37,-2,-1,0,"(-2,-1,0)",-4.398692608768049,1,1,1.15,-2,-1,0,1,24,658,681,670,670,164582.921875,148180.734375,2,1,0,1,60,641,700,670,670,154972.046875,147344.25,-2,-1,0,1,15,679,693,686,686,166060.6875,155814.671875,-2,-1,0,1,14,671,684,678,678,36733.683594,34402.433594
38,0,1,-11,"(0,1,-11)",-4.337694034813154,1,1,1.15,0,1,-11,1,15,866,880,873,873,556.186707,363.514954,0,-1,-11,1,24,859,882,870,870,278.537048,226.359451,0,1,-11,1,9,878,886,879,882,371.038757,300.843018,0,1,-11,1,11,867,877,871,872,460.653015,262.9263
39,0,-6,-1,"(0,-6,-1)",-4.318665302077867,1,1,1.15,0,-6,-1,1,9,2860,2868,2864,2864,22446.220703,16893.349609,0,6,-1,1,20,2853,2872,2862,2863,22148.541016,20143.556641,0,-6,-1,1,6,2877,2882,2880,2879,25419.373047,21442.263672,0,-6,-1,1,7,2868,2874,2872,2871,5666.341797,6299.875
40,-6,-1,0,"(-6,-1,0)",-4.2698456954485335,1,1,1.15,-6,-1,0,1,10,35,44,40,39,55562.917969,53730.28125,6,1,0,1,23,29,51,40,40,11181.323242,12795.366211,-6,-1,0,1,7,53,59,56,56,18361.509766,17942.6875,-6,-1,0,1,7,44,50,47,47,5435.043945,4858.753418
41,-1,0,-6,"(-1,0,-6)",-4.257331480965319,1,1,1.15,-1,0,-6,1,14,820,833,826,827,14857.349609,14247.645508,1,0,-6,1,31,810,840,825,825,29390.558594,23775.228516,-1,0,-6,1,9,833,841,837,837,36778.636719,32068.03125,-1,0,-6,1,10,823,832,828,828,21249.310547,18246.230469
42,0,-1,-2,"(0,-1,-2)",-4.237774614465779,1,1,1.15,0,-1,-2,1,27,2021,2047,2033,2034,132877.140625,128608.65625,0,1,-2,1,66,2000,2065,2033,2033,160275.71875,154326.03125,0,-1,-2,1,17,2039,2055,2047,2047,163284.453125,147674.25,0,-1,-2,1,15,2031,2045,2038,2038,84175.367188,75106.882812
43,-10,-10,-10,"(-10,-10,-10)",-4.233661469370556,1,1,1.15,-10,-10,-10,1,7,1331,1337,1331,1334,69.862839,41.153355,10,10,-10,1,8,1331,1338,1332,1334,148.96312,129.019409,-10,-10,-10,1,4,1348,1351,1349,1349,164.306503,169.313721,-10,-10,-10,1,6,1338,1343,1341,1340,156.992996,142.700211
44,1,0,2,"(1,0,2)",-4.218260510757365,1,1,1.15,1,0,2,1,27,432,458,445,445,140724.65625,133554.96875,-1,0,2,1,64,412,475,444,444,164820.796875,153340.640625,1,0,2,1,16,450,465,457,457,183748.265625,149946.796875,1,0,2,1,15,441,455,448,448,22485.425781,21199.878906
45,0,-5,-1,"(0,-5,-1)",-4.212907051803713,1,1,1.15,0,-5,-1,1,11,2832,2842,2837,2837,13516.358398,10428.588867,0,5,-1,1,23,2825,2847,2836,2836,12567.047852,10498.388672,0,-5,-1,1,7,2850,2856,2853,2853,20915.119141,17186.779297,0,-5,-1,1,7,2841,2847,2845,2844,4192.025391,3639.510742
46,-1,-2,0,"(-1,-2,0)",-4.048056199558767,1,1,1.15,-1,-2,0,1,23,2068,2090,2079,2079,140848.328125,138246.3125,1,2,0,1,57,2051,2107,2079,2079,156751.484375,151605.640625,-1,-2,0,1,15,2089,2103,2096,2096,154498.390625,140301.109375,-1,-2,0,1,13,2082,2094,2088,2088,50586.726562,36297.566406
47,0,-2,-1,"(0,-2,-1)",-4.044387863589336,1,1,1.15,0,-2,-1,1,21,2620,2640,2630,2630,148988.875,135076.921875,0,2,-1,1,51,2604,2654,2629,2629,158941.65625,145821.546875,0,-2,-1,1,13,2639,2651,2645,2645,150611.828125,136093.0,0,-2,-1,1,12,2631,2642,2637,2637,43745.292969,46965.242188
48,0,-1,5,"(0,-1,5)",-4.029298578223366,1,1,1.15,0,-1,5,1,24,380,403,389,392,20390.4375,16161.292969,0,1,5,1,54,362,415,388,388,28587.789062,17848.267578,0,-1,5,1,15,392,406,399,399,44601.765625,31461.603516,0,-1,5,1,15,382,396,389,389,22195.583984,14875.049805
49,1,2,0,"(1,2,0)",-4.016370234796642,1,1,1.15,1,2,0,1,24,2060,2083,2071,2071,137695.703125,136709.265625,-1,-2,0,1,58,2043,2100,2071,2071,149451.515625,148995.578125,1,2,0,1,15,2081,2095,2088,2088,154499.703125,145273.09375,1,2,0,1,14,2074,2087,2080,2080,64888.0625,45885.152344
50,0,1,2,"(0,1,2)",-4.01245763254934,1,1,1.15,0,1,2,1,27,2012,2038,2025,2025,134065.84375,133378.09375,0,-1,2,1,66,1991,2056,2024,2024,155100.828125,157260.515625,0,1,2,1,17,2030,2046,2037,2038,156621.46875,146117.3125,0,1,2,1,16,2021,2036,2028,2029,68358.554688,64482.722656
51,0,3,7,"(0,3,7)",-3.989425442745697,1,1,1.15,0,3,7,1,10,1932,1941,1936,1936,2503.691162,2125.801514,0,-3,7,1,21,1925,1945,1935,1935,3899.996826,2857.235596,0,3,7,1,6,1946,1951,1949,1949,4411.402344,3853.328857,0,3,7,1,8,1936,1943,1939,1940,3704.762451,3579.811768
52,0,2,1,"(0,2,1)",-3.9844887347493554,1,1,1.15,0,2,1,1,21,2613,2633,2623,2623,152130.1875,137721.859375,0,-2,1,1,51,2597,2647,2622,2622,160413.25,144975.28125,0,2,1,1,13,2632,2644,2638,2638,146939.1875,131713.40625,0,2,1,1,12,2624,2635,2629,2630,34088.664062,38227.714844
53,0,-11,-1,"(0,-11,-1)",-3.982217886264489,1,1,1.15,0,-11,-1,1,8,2927,2934,2931,2931,887.073242,564.070312,0,11,-1,1,12,2924,2935,2930,2929,896.591064,754.292053,0,-11,-1,1,4,2945,2948,2947,2947,1040.451294,874.940552,0,-11,-1,1,6,2936,2941,2938,2938,299.921753,338.699371
54,0,1,5,"(0,1,5)",-3.965074775370445,1,1,1.15,0,1,5,1,17,1591,1607,1599,1599,9702.501953,9828.964844,0,-1,5,1,37,1580,1616,1597,1598,14294.847656,12555.81543,0,1,5,1,10,1606,1615,1611,1610,38125.433594,32084.335938,0,1,5,1,11,1596,1606,1603,1601,4758.198242,5097.021973
55,-1,-6,0,"(-1,-6,0)",-3.8762183063353697,1,1,1.15,-1,-6,0,1,10,2682,2691,2686,2687,21502.023438,17905.638672,1,6,0,1,22,2675,2696,2685,2685,18054.103516,17091.861328,-1,-6,0,1,6,2700,2705,2703,2703,26635.564453,25840.90625,-1,-6,0,1,7,2692,2698,2695,2695,11222.733398,10951.854492
56,12,14,-9,"(12,14,-9)",-3.848533577466688,1,1,1.15,12,14,-9,1,10,1648,1657,1654,1653,52.975021,25.129452,-12,-14,-9,1,12,1649,1660,1654,1654,87.707336,67.445366,12,14,-9,1,7,1669,1675,1671,1672,530.358337,377.34491,12,14,-9,1,8,1661,1668,1665,1664,132.005676,110.678459
57,-13,-19,0,"(-13,-19,0)",-3.8433804972171135,1,1,1.15,-13,-19,0,1,7,1824,1830,1827,1827,155.741409,103.048904,13,19,0,1,7,1824,1830,1829,1827,154.324661,73.344955,-13,-19,0,1,5,1841,1845,1844,1844,288.851562,193.974976,-13,-19,0,1,6,1833,1838,1836,1835,256.602234,145.242508
58,0,-1,-12,"(0,-1,-12)",-3.836371413725728,1,1,1.15,0,-1,-12,1,12,1388,1399,1395,1393,2457.629395,1410.733887,0,1,-12,1,19,1383,1401,1391,1391,5175.251465,3384.01416,0,-1,-12,1,7,1401,1407,1404,1404,5525.657715,4463.79248,0,-1,-12,1,9,1390,1398,1394,1394,4121.522461,3113.538574
59,0,1,-12,"(0,1,-12)",-3.826217549642076,1,1,1.15,0,1,-12,1,14,896,909,905,903,1259.806152,1146.436157,0,-1,-12,1,22,890,911,901,900,1516.349854,1057.29126,0,1,-12,1,9,908,916,912,912,4347.099609,2672.330566,0,1,-12,1,11,897,907,901,902,1418.180908,1552.13855
60,0,14,0,"(0,14,0)",-3.817321058696227,1,1,1.15,0,14,0,1,7,2961,2967,2963,2964,248.585678,285.794159,0,-14,0,1,10,2958,2967,2962,2962,856.593994,490.176636,0,14,0,1,5,2978,2982,2979,2980,267.142334,176.188232,0,14,0,1,6,2969,2974,2971,2972,108.344093,48.662445
61,-1,0,-2,"(-1,0,-2)",-3.7957789427820217,1,1,1.15,-1,0,-2,1,26,441,466,454,454,148272.734375,141802.8125,1,0,-2,1,64,421,484,453,453,159936.453125,150662.3125,-1,0,-2,1,17,458,474,466,466,174142.484375,152976.078125,-1,0,-2,1,15,450,464,457,457,29660.65625,25907.431641
62,0,-1,-11,"(0,-1,-11)",-3.7247829005838766,1,1,1.15,0,-1,-11,1,12,1403,1414,1407,1409,688.094299,622.380859,0,1,-11,1,20,1398,1417,1407,1407,2141.054932,1358.807495,0,-1,-11,1,8,1416,1423,1420,1419,1234.701294,958.882019,0,-1,-11,1,9,1406,1414,1410,1410,2224.074219,1690.194214
63,1,0,-6,"(1,0,-6)",-3.659876921815203,1,1,1.15,1,0,-6,1,22,1644,1665,1656,1655,23375.539062,17204.517578,-1,0,-6,1,48,1628,1675,1652,1652,17663.673828,15671.362305,1,0,-6,1,13,1657,1669,1664,1663,47927.292969,37065.808594,1,0,-6,1,15,1646,1660,1652,1653,29569.578125,23674.53125
64,1,11,0,"(1,11,0)",-3.586258897797053,1,1,1.15,1,11,0,1,8,2796,2803,2800,2800,547.305847,553.584961,-1,-11,0,1,12,2793,2804,2798,2798,300.622925,247.606689,1,11,0,1,5,2814,2818,2815,2816,1997.785034,2268.113525,1,11,0,1,6,2805,2810,2808,2808,379.037781,456.315063
65,0,-1,6,"(0,-1,6)",-3.5096954208443942,1,1,1.15,0,-1,6,1,19,516,534,525,525,26423.537109,29057.34375,0,1,6,1,45,500,544,522,522,29308.859375,24354.017578,0,-1,6,1,12,527,538,533,533,19802.710938,17565.134766,0,-1,6,1,14,516,529,522,523,13431.732422,8286.076172
66,0,-1,-5,"(0,-1,-5)",-3.500728974930465,1,1,1.15,0,-1,-5,1,17,1617,1633,1625,1625,10639.195312,11436.580078,0,1,-5,1,37,1606,1642,1623,1624,18613.693359,16872.849609,0,-1,-5,1,10,1632,1641,1637,1637,19264.162109,17102.333984,0,-1,-5,1,11,1622,1632,1627,1627,25283.279297,19128.835938
67,1,0,-12,"(1,0,-12)",-3.4845551699846053,1,1,1.15,1,0,-12,1,15,1390,1404,1394,1397,1700.994995,1488.151245,-1,0,-12,1,22,1384,1405,1394,1394,6649.019043,3990.74292,1,0,-12,1,9,1402,1410,1406,1406,1820.998657,1751.244263,1,0,-12,1,11,1391,1401,1395,1396,4784.456543,3817.48877
68,7,-11,-19,"(7,-11,-19)",-3.4689915019846604,1,1,1.15,7,-11,-19,1,8,2859,2866,2861,2862,16.746965,1.742397,-7,11,-19,1,8,2858,2865,2865,2862,17.952337,11.057461,7,-11,-19,1,5,2874,2878,2877,2877,35.473518,31.436312,7,-11,-19,1,6,2864,2869,2869,2869,58.229969,-0.414156
69,1,12,0,"(1,12,0)",-3.465746358878725,1,1,1.15,1,12,0,1,7,2809,2815,2812,2812,2017.299927,1552.62085,-1,-12,0,1,11,2806,2816,2811,2811,1998.084229,1940.053589,1,12,0,1,5,2826,2830,2828,2828,1422.697998,1462.299927,1,12,0,1,6,2818,2823,2820,2820,896.683716,908.772217
70,-4,-4,6,"(-4,-4,6)",-3.454732374180892,1,1,1.15,-4,-4,6,1,31,1807,1837,1824,1822,1381.931885,1031.739136,4,4,6,1,61,1797,1857,1830,1827,2282.280273,2193.043701,-4,-4,6,1,19,1840,1858,1851,1850,4843.34082,2652.355225,-4,-4,6,1,23,1833,1855,1847,1844,5279.95459,1757.036011
71,20,9,-1,"(20,9,-1)",-3.449739322745224,1,1,1.15,20,9,-1,1,8,517,524,520,520,63.592865,55.152287,-20,-9,-1,1,8,518,525,521,521,21.23937,19.093319,20,9,-1,1,5,535,539,537,537,67.109367,53.080765,20,9,-1,1,6,526,531,528,529,66.216812,39.182068
72,-1,0,6,"(-1,0,6)",-3.4397120232587834,1,1,1.15,-1,0,6,1,22,1596,1617,1606,1607,16567.220703,18046.044922,1,0,6,1,49,1580,1628,1604,1604,28009.820312,23700.601562,-1,0,6,1,13,1609,1621,1614,1615,60269.148438,58408.128906,-1,0,6,1,15,1598,1612,1603,1605,21069.892578,17130.548828
73,-10,-10,0,"(-10,-10,0)",-3.4290935677637018,1,1,1.15,-10,-10,0,1,8,1401,1408,1405,1404,619.528625,469.880524,10,10,0,1,11,1400,1410,1406,1405,621.625183,600.707825,-10,-10,0,1,6,1419,1424,1422,1421,2055.66626,1123.524414,-10,-10,0,1,6,1411,1416,1413,1413,1153.580811,1184.866577
74,3,0,-7,"(3,0,-7)",-3.405557254102161,1,1,1.15,3,0,-7,1,24,2869,2892,2884,2880,4441.208496,4146.066895,-3,0,-7,1,49,2857,2905,2883,2881,5782.722656,4462.387207,3,0,-7,1,14,2885,2898,2891,2891,66527.648438,45674.566406,3,0,-7,1,17,2870,2886,2881,2878,4614.205078,3646.76416
75,0,18,0,"(0,18,0)",-3.381219427920587,1,1,1.15,0,18,0,1,7,2954,2960,2957,2957,838.045532,591.879517,0,-18,0,1,8,2952,2959,2955,2956,491.88208,416.50235,0,18,0,1,5,2971,2975,2973,2973,644.578613,685.336914,0,18,0,1,5,2963,2967,2965,2965,242.266922,206.732727
76,0,0,-18,"(0,0,-18)",-3.352063863783709,1,1,1.15,0,0,-18,1,12,1183,1194,1188,1188,331.483765,360.427063,0,0,-18,1,14,1180,1193,1187,1186,960.7005,606.054504,0,0,-18,1,8,1195,1202,1198,1198,2102.084473,1449.146973,0,0,-18,1,10,1184,1193,1189,1188,2240.458984,1855.744507
77,-12,-9,9,"(-12,-9,9)",-3.247147073814382,1,1,1.15,-12,-9,9,1,12,1078,1089,1081,1084,422.850983,249.296127,12,9,9,1,15,1079,1093,1087,1086,267.411987,292.535736,-12,-9,9,1,8,1101,1108,1106,1104,291.570526,248.911346,-12,-9,9,1,10,1092,1101,1098,1097,1034.436401,590.637207
78,-2,7,22,"(-2,7,22)",-3.231462152039838,1,1,1.15,-2,7,22,1,9,1957,1965,1960,1961,106.502724,69.817924,2,-7,22,1,9,1956,1964,1959,1960,501.50943,242.985062,-2,7,22,1,5,1971,1975,1973,1973,260.921631,231.549561,-2,7,22,1,7,1961,1967,1963,1964,186.806488,137.608353
79,-1,0,5,"(-1,0,5)",-3.2221998627220843,1,1,1.15,-1,0,5,1,26,1725,1750,1737,1737,11655.807617,12364.897461,1,0,5,1,60,1705,1764,1734,1734,22579.640625,21341.595703,-1,0,5,1,16,1738,1753,1744,1746,35601.269531,20344.757812,-1,0,5,1,17,1727,1743,1734,1735,29065.478516,17902.275391
80,0,-21,0,"(0,-21,0)",-3.2159223209055,1,1,1.15,0,-21,0,1,7,3020,3026,3023,3023,146.367081,134.177887,0,21,0,1,7,3018,3024,3021,3021,455.955933,398.053284,0,-21,0,0,0,,,,,,,0,-21,0,0,0,,,,,,
81,17,15,-4,"(17,15,-4)",-3.181360317227645,1,1,1.15,17,15,-4,1,8,1201,1208,1204,1205,93.683327,86.261398,-17,-15,-4,1,9,1202,1210,1204,1206,143.51503,126.145439,17,15,-4,1,5,1221,1225,1222,1222,352.594818,212.772644,17,15,-4,1,6,1212,1217,1215,1215,147.248993,151.159225
82,1,0,-11,"(1,0,-11)",-3.141834959842843,1,1,1.15,1,0,-11,1,15,1409,1423,1417,1416,825.221802,891.103638,-1,0,-11,1,25,1402,1426,1414,1414,2401.136719,1515.534668,1,0,-11,1,9,1421,1429,1425,1425,3402.424316,2322.620605,1,0,-11,1,12,1410,1421,1415,1415,3221.082031,2363.488037
83,-6,-4,4,"(-6,-4,4)",-3.0626381235943496,1,1,1.15,-6,-4,4,1,14,867,880,876,874,1657.678223,1227.925049,6,4,4,1,28,863,890,876,876,4317.747559,3064.064453,-6,-4,4,1,9,890,898,894,894,13633.885742,9975.712891,-6,-4,4,1,11,881,891,887,886,7824.008789,5169.476074
84,6,1,0,"(6,1,0)",-3.007795553351203,1,1,1.15,6,1,0,1,10,13,22,18,18,36308.164062,31197.050781,-6,-1,0,1,22,8,29,19,19,15162.166992,16515.119141,6,1,0,1,6,32,37,34,34,33979.914062,28673.441406,6,1,0,1,7,23,29,26,26,8130.102539,8228.908203
85,-9,-9,12,"(-9,-9,12)",-2.980050190851216,1,1,1.15,-9,-9,12,1,21,1759,1779,1772,1769,420.814209,360.891327,9,9,12,1,25,1761,1785,1774,1773,1253.967896,789.628662,-9,-9,12,1,12,1788,1799,1793,1794,601.381836,678.216064,-9,-9,12,1,16,1780,1795,1790,1788,841.398804,543.236267
86,-15,-17,0,"(-15,-17,0)",-2.966737685572509,1,1,1.15,-15,-17,0,1,7,1555,1561,1559,1558,59.497272,29.715471,15,17,0,1,8,1555,1562,1559,1559,137.534225,133.382172,-15,-17,0,1,5,1573,1577,1576,1575,124.285217,137.52179,-15,-17,0,1,6,1564,1569,1567,1567,110.273087,90.963249
87,-1,-5,0,"(-1,-5,0)",-2.919134593715493,1,1,1.15,-1,-5,0,1,11,2617,2627,2622,2622,31019.085938,20371.923828,1,5,0,1,25,2609,2633,2621,2621,29086.763672,22269.162109,-1,-5,0,1,8,2635,2642,2638,2639,31984.392578,20890.607422,-1,-5,0,1,7,2628,2634,2630,2631,12745.795898,10321.612305
88,0,12,1,"(0,12,1)",-2.896057472298451,1,1,1.15,0,12,1,1,7,2896,2902,2899,2899,5177.085449,3377.358154,0,-12,1,1,11,2893,2903,2898,2898,3891.824707,3627.483154,0,12,1,1,5,2913,2917,2915,2915,5636.873047,5372.635254,0,12,1,1,6,2904,2909,2907,2907,929.510376,989.288025
89,-1,0,-12,"(-1,0,-12)",-2.894205041003962,1,1,1.15,-1,0,-12,1,11,983,993,988,988,2214.111084,2035.773804,1,0,-12,1,18,978,995,987,986,3509.751709,2540.165039,-1,0,-12,1,8,995,1002,999,998,12393.689453,8371.553711,-1,0,-12,1,9,985,993,988,989,5680.200195,5071.884766
90,-22,-7,2,"(-22,-7,2)",-2.8908874306488253,1,1,1.15,-22,-7,2,1,7,329,335,332,332,244.87883,189.243195,22,7,2,1,7,330,336,336,333,48.010937,31.329845,-22,-7,2,1,4,347,350,350,349,126.451546,52.687836,-22,-7,2,1,6,337,342,341,340,57.691711,38.910614
91,0,1,11,"(0,1,11)",-2.87503331794648,1,1,1.15,0,1,11,1,12,1341,1352,1347,1346,1218.351685,1057.927246,0,-1,11,1,20,1335,1354,1343,1344,1932.016724,1280.094849,0,1,11,1,8,1353,1360,1356,1357,2077.983398,1222.909912,0,1,11,1,9,1343,1351,1346,1347,1690.294922,981.263306
92,1,-5,-5,"(1,-5,-5)",-2.859139964248322,1,1,1.15,1,-5,-5,1,9,2644,2652,2649,2648,514.093384,483.764465,-1,5,-5,1,19,2638,2656,2648,2647,636.1203,617.572266,1,-5,-5,1,6,2660,2665,2663,2663,1692.701416,2151.585693,1,-5,-5,1,7,2651,2657,2656,2654,488.751892,485.008789
93,1,-6,-23,"(1,-6,-23)",-2.852380033000787,1,1,1.15,1,-6,-23,1,9,1876,1884,1882,1880,67.581291,36.62228,-1,6,-23,1,9,1875,1883,1880,1879,104.164101,83.606094,1,-6,-23,1,6,1889,1894,1893,1892,355.213928,215.307175,1,-6,-23,1,8,1879,1886,1883,1883,321.630127,248.912445
94,-5,-2,-2,"(-5,-2,-2)",-2.831347642966477,1,1,1.15,-5,-2,-2,1,10,602,611,607,606,28038.431641,22317.763672,5,2,-2,1,21,597,617,607,607,36444.925781,32993.589844,-5,-2,-2,1,6,619,624,622,622,30537.896484,26963.337891,-5,-2,-2,1,7,610,616,613,613,18958.484375,16202.583008
95,2,5,2,"(2,5,2)",-2.8029538730910435,1,1,1.15,2,5,2,1,9,2048,2056,2052,2052,23144.318359,17960.486328,-2,-5,2,1,21,2042,2062,2052,2052,22165.230469,21240.708984,2,5,2,1,6,2065,2070,2067,2068,26344.626953,27657.681641,2,5,2,1,6,2057,2062,2059,2060,23898.175781,18677.636719
96,3,5,-1,"(3,5,-1)",-2.8027504046397707,1,1,1.15,3,5,-1,1,11,1978,1988,1984,1983,7087.664551,6730.804688,-3,-5,-1,1,26,1971,1996,1984,1984,13192.124023,10556.68457,3,5,-1,1,8,1997,2004,2000,2001,4805.700195,4503.182129,3,5,-1,1,8,1989,1996,1990,1993,4833.492676,3889.886719
97,-20,-9,1,"(-20,-9,1)",-2.7920838873640568,1,1,1.15,-20,-9,1,1,7,599,605,602,602,35.076439,41.051559,20,9,1,1,7,600,606,605,603,163.335541,66.053177,-20,-9,1,1,5,617,621,620,619,940.680298,979.67157,-20,-9,1,1,6,608,613,610,610,363.869568,327.405792
98,-9,-1,-20,"(-9,-1,-20)",-2.7651544411784976,1,1,1.15,-9,-1,-20,1,8,630,637,634,634,88.265053,69.467384,9,1,-20,1,8,629,636,633,633,116.040054,104.260292,-9,-1,-20,1,5,644,648,647,646,110.230705,113.563644,-9,-1,-20,1,6,634,639,637,637,125.981873,96.628357
99,4,4,-6,"(4,4,-6)",-2.734544580753888,1,1,1.15,4,4,-6,1,30,1697,1726,1713,1711,2994.721924,1774.302368,-4,-4,-6,1,61,1686,1746,1713,1716,4715.030762,2386.390381,4,4,-6,1,19,1729,1747,1737,1738,8070.650391,7228.81543,4,4,-6,1,22,1722,1743,1733,1733,7299.304688,3681.509521
100,2,2,5,"(2,2,5)",-2.731420592951505,1,1,1.15,2,2,5,1,11,1238,1248,1243,1243,19341.832031,18217.21875,-2,-2,5,1,24,1231,1254,1242,1242,23708.451172,22365.265625,2,2,5,1,7,1253,1259,1256,1256,19600.507812,17697.431641,2,2,5,1,8,1244,1251,1247,1247,12686.039062,10039.618164
